{
    "file_name": [
        "blenderbananapancakes.json",
        "breakfastburritos.json",
        "broccolistirfry.json",
        "buttercorncup.json",
        "capresebruschetta.json",
        "cheesepimiento.json",
        "coffee.json",
        "cucumberraita.json",
        "dressedupmeatballs.json",
        "herbomeletwithfriedtomatoes.json",
        "microwaveeggsandwich.json",
        "microwavefrenchtoast.json",
        "mugcake.json",
        "panfriedtofu.json",
        "pinwheels.json",
        "ramen.json",
        "sautedmushrooms.json",
        "scrambledeggs.json",
        "spicedhotchocolate.json",
        "tomatochutney.json",
        "tomatomozzarellasalad.json",
        "zoodles.json"
    ],
    "accuracy_test": [
        0.7109375,
        0.6390532544378699,
        0.821673525377229,
        0.6581632653061225,
        0.6982248520710059,
        0.6331360946745562,
        0.7685185185185185,
        0.650887573964497,
        0.71484375,
        0.7508650519031141,
        0.6938775510204082,
        0.6982248520710059,
        0.7892561983471075,
        0.7573696145124716,
        0.7617728531855956,
        0.7370242214532872,
        0.739612188365651,
        0.7952,
        0.5925925925925926,
        0.7709750566893424,
        0.6611570247933884,
        0.6888888888888889
    ],
    "accuracy_test_clean": [
        0.79296875,
        0.7810650887573964,
        0.8984910836762688,
        0.7959183673469388,
        0.7692307692307693,
        0.7455621301775148,
        0.8364197530864198,
        0.7810650887573964,
        0.796875,
        0.8373702422145328,
        0.8112244897959183,
        0.8106508875739645,
        0.8553719008264463,
        0.8458049886621315,
        0.8614958448753463,
        0.8408304498269896,
        0.8088642659279779,
        0.864,
        0.8395061728395061,
        0.8639455782312925,
        0.8181818181818182,
        0.7955555555555556
    ],
    "accuracy_response": [
        0.875,
        0.8875739644970414,
        0.934156378600823,
        0.8724489795918368,
        0.9112426035502958,
        0.8698224852071006,
        0.9228395061728395,
        0.8520710059171598,
        0.890625,
        0.9204152249134948,
        0.8724489795918368,
        0.9053254437869822,
        0.9338842975206612,
        0.9115646258503401,
        0.9113573407202216,
        0.916955017301038,
        0.9196675900277008,
        0.9232,
        0.8518518518518519,
        0.9297052154195011,
        0.859504132231405,
        0.8933333333333333
    ],
    "f1_test": [
        0.2127659574468085,
        0.18666666666666668,
        0.21686746987951808,
        0.1728395061728395,
        0.33766233766233766,
        0.18421052631578946,
        0.27184466019417475,
        0.23376623376623376,
        0.21505376344086022,
        0.2653061224489796,
        0.21052631578947367,
        0.3013698630136986,
        0.22727272727272727,
        0.10084033613445378,
        0.21818181818181817,
        0.24,
        0.16071428571428573,
        0.16883116883116883,
        0.32653061224489793,
        0.17886178861788618,
        0.32786885245901637,
        0.20454545454545456
    ],
    "f1_test_clean": [
        0.03636363636363636,
        0.05128205128205128,
        0.2127659574468085,
        0.09090909090909091,
        0.1702127659574468,
        0.0851063829787234,
        0.208955223880597,
        0.17777777777777778,
        0.13333333333333333,
        0.17543859649122806,
        0.17777777777777778,
        0.3333333333333333,
        0.18604651162790697,
        0.08108108108108109,
        0.2647058823529412,
        0.17857142857142858,
        0.08,
        0.1414141414141414,
        0.5185185185185185,
        0.09090909090909091,
        0.15384615384615385,
        0.14814814814814814
    ],
    "f1_response": [
        0.058823529411764705,
        0.2962962962962963,
        0.22580645161290322,
        0.13793103448275862,
        0.4827586206896552,
        0.21428571428571427,
        0.32432432432432434,
        0.24242424242424243,
        0.17647058823529413,
        0.34285714285714286,
        0.07407407407407407,
        0.38461538461538464,
        0.3333333333333333,
        0.09302325581395349,
        0.15789473684210525,
        0.3333333333333333,
        0.2926829268292683,
        0.1724137931034483,
        0.3333333333333333,
        0.27906976744186046,
        0.2608695652173913,
        0.25
    ]
}